timestamp,open,high,low,close,volume
2023-12-20,0.576,0.61,0.5686,0.5894,198909767.8
2023-12-21,0.5893,0.6397,0.5818,0.6351,226299061.9
2023-12-22,0.6352,0.6513,0.6052,0.6226,214849930.8
2023-12-23,0.6225,0.6231,0.5964,0.613,126272911.7
2023-12-24,0.613,0.6286,0.585,0.5919,217308386.0
2023-12-25,0.5919,0.635,0.589,0.6242,163634887.8
2023-12-26,0.624,0.6279,0.5601,0.6087,221963239.7
2023-12-27,0.6087,0.643,0.5839,0.6334,229068834.3
2023-12-28,0.6334,0.6769,0.61,0.6158,321217533.2
2023-12-29,0.6158,0.6258,0.5908,0.6083,195162581.0
2023-12-30,0.6082,0.6133,0.5929,0.6011,96059388.4
2023-12-31,0.601,0.61,0.58,0.594,104191519.8
2024-01-01,0.5939,0.624,0.5902,0.6232,91021386.4
2024-01-02,0.6233,0.637,0.6015,0.605,160535672.8
2024-01-03,0.6051,0.6188,0.5,0.5569,319806612.8
2024-01-04,0.5568,0.5791,0.5491,0.5699,149952088.0
2024-01-05,0.57,0.5726,0.522,0.5414,152848545.9
2024-01-06,0.5413,0.5429,0.5068,0.5227,120959496.4
2024-01-07,0.5227,0.53,0.4877,0.4945,111767718.9
2024-01-08,0.4945,0.5487,0.4643,0.5412,216099815.2
2024-01-09,0.5412,0.5436,0.4964,0.5124,168923575.1
2024-01-10,0.5123,0.5895,0.4872,0.566,279571914.5
2024-01-11,0.5662,0.6174,0.5607,0.582,287865723.4
2024-01-12,0.582,0.5891,0.5271,0.5476,158309249.6
2024-01-13,0.5477,0.554,0.531,0.5491,73966558.1
2024-01-14,0.5491,0.5502,0.5233,0.5251,74139564.7
2024-01-15,0.5251,0.5416,0.5217,0.5276,63585526.0
2024-01-16,0.5276,0.5482,0.525,0.5356,74354014.5
2024-01-17,0.5356,0.5395,0.5213,0.5282,63933793.0
2024-01-18,0.5282,0.5283,0.4955,0.5026,92941269.5
2024-01-19,0.5027,0.5054,0.4713,0.5044,119926942.0
2024-01-20,0.5043,0.5179,0.4986,0.516,79444228.6
2024-01-21,0.5159,0.5205,0.5024,0.5032,54007901.7
2024-01-22,0.5031,0.5063,0.4767,0.4786,143854450.0
2024-01-23,0.4787,0.4863,0.4477,0.4773,179364936.7
2024-01-24,0.4773,0.4805,0.4643,0.4765,94074417.5
2024-01-25,0.4766,0.4841,0.4585,0.4666,85672497.7
2024-01-26,0.4667,0.4904,0.463,0.4849,106524727.9
2024-01-27,0.485,0.49,0.4754,0.4862,55368149.5
2024-01-28,0.4862,0.5006,0.4834,0.4903,97129557.5
2024-01-29,0.4903,0.5282,0.4836,0.526,121001422.1
2024-01-30,0.5261,0.5367,0.5122,0.5136,131938020.8
2024-01-31,0.5137,0.5203,0.4932,0.4976,132999623.5
2024-02-01,0.4976,0.5084,0.4858,0.5078,97823370.7
2024-02-02,0.5077,0.5244,0.5041,0.5146,109308591.4
2024-02-03,0.5147,0.5257,0.5117,0.5124,62959942.6
2024-02-04,0.5125,0.5126,0.4932,0.4934,57766921.8
2024-02-05,0.4933,0.5062,0.4872,0.4944,74074301.1
2024-02-06,0.4944,0.5042,0.4887,0.4983,74173617.7
2024-02-07,0.4982,0.5025,0.4727,0.5022,180295685.6
2024-02-08,0.5023,0.5361,0.502,0.5304,228609030.6
2024-02-09,0.5304,0.5485,0.5278,0.5407,154515283.0
2024-02-10,0.5407,0.5581,0.528,0.5515,115859589.7
2024-02-11,0.5515,0.5654,0.5353,0.5414,159388533.1
2024-02-12,0.5415,0.5658,0.5306,0.5592,156086926.2
2024-02-13,0.5591,0.5645,0.5338,0.5449,128760890.4
2024-02-14,0.5448,0.5833,0.5396,0.5768,164094581.5
2024-02-15,0.5769,0.6126,0.5706,0.6087,232282054.4
2024-02-16,0.6087,0.614,0.5821,0.5986,148909729.5
2024-02-17,0.5987,0.611,0.5687,0.6096,128162404.1
2024-02-18,0.6096,0.6391,0.6093,0.6193,207753370.3
2024-02-19,0.6194,0.6389,0.6147,0.6308,169787705.9
2024-02-20,0.6308,0.6414,0.5958,0.6216,233760627.4
2024-02-21,0.6216,0.6237,0.5747,0.5988,133532235.1
2024-02-22,0.5987,0.608,0.5806,0.5858,128991781.0
2024-02-23,0.5858,0.5953,0.568,0.5824,117449758.1
2024-02-24,0.5823,0.5998,0.5697,0.5969,95375216.6
2024-02-25,0.5969,0.6007,0.5806,0.5914,78055822.8
2024-02-26,0.5913,0.6222,0.5732,0.6191,169685875.5
2024-02-27,0.6192,0.63,0.6073,0.6239,194585795.4
2024-02-28,0.6238,0.661,0.5961,0.6287,355791252.9
2024-02-29,0.6287,0.7088,0.6223,0.6547,496600842.9
2024-03-01,0.6549,0.72,0.6529,0.7195,227378496.5
2024-03-02,0.7196,0.7638,0.7171,0.7416,297746478.5
2024-03-03,0.7414,0.7421,0.685,0.7279,205502738.3
2024-03-04,0.728,0.7986,0.7219,0.7701,404835737.3
2024-03-05,0.77,0.7831,0.571,0.6923,620713725.8
2024-03-06,0.6923,0.7575,0.665,0.7349,295551593.1
2024-03-07,0.735,0.755,0.7181,0.7427,207951361.7
2024-03-08,0.7427,0.7547,0.698,0.7228,217116920.9
2024-03-09,0.7228,0.7461,0.72,0.7416,117539314.3
2024-03-10,0.7416,0.744,0.7,0.7166,124973655.8
2024-03-11,0.7165,0.7882,0.685,0.7754,320630328.7
2024-03-12,0.7754,0.7764,0.704,0.7481,227151117.0
2024-03-13,0.7482,0.7731,0.7357,0.7638,168550753.8
2024-03-14,0.7639,0.8104,0.7133,0.7509,416026694.0
2024-03-15,0.7509,0.7647,0.669,0.7274,342389407.2
2024-03-16,0.7274,0.7355,0.65,0.6591,253748203.3
2024-03-17,0.6591,0.6881,0.6288,0.6814,188639901.3
2024-03-18,0.6814,0.699,0.642,0.6603,193908706.1
2024-03-19,0.6603,0.6661,0.58,0.5864,350014516.9
2024-03-20,0.5864,0.6441,0.5689,0.6396,283086563.5
2024-03-21,0.6395,0.6484,0.6178,0.6318,162134047.4
2024-03-22,0.6319,0.6427,0.5987,0.6147,138778065.1
2024-03-23,0.6147,0.6394,0.6103,0.6232,79575095.9
2024-03-24,0.6231,0.6482,0.6224,0.6468,80674633.1
2024-03-25,0.6469,0.6684,0.6379,0.6567,129205089.7
2024-03-26,0.6566,0.6837,0.6517,0.665,128211683.4
2024-03-27,0.665,0.671,0.6301,0.6478,141784476.2
2024-03-28,0.6478,0.658,0.6352,0.6511,92872752.8
2024-03-29,0.6511,0.6678,0.635,0.6643,129589892.2
2024-03-30,0.6643,0.6691,0.6416,0.6436,89397036.8
2024-03-31,0.6435,0.6535,0.6418,0.6501,61338789.9
2024-04-01,0.6501,0.6515,0.605,0.6212,156775712.2
2024-04-02,0.6211,0.6214,0.5723,0.5807,194496435.1
2024-04-03,0.5807,0.595,0.5622,0.5693,117116217.3
2024-04-04,0.5693,0.5967,0.5588,0.5831,134498067.6
2024-04-05,0.5831,0.5849,0.5593,0.5741,106755812.6
2024-04-06,0.5741,0.5896,0.5714,0.5836,50089819.8
2024-04-07,0.5837,0.5972,0.5817,0.5892,71643798.6
2024-04-08,0.5893,0.6166,0.5793,0.6137,112868465.7
2024-04-09,0.6137,0.6242,0.5903,0.5912,140670945.7
2024-04-10,0.5912,0.5941,0.5572,0.5862,146079444.2
2024-04-11,0.5862,0.5945,0.5755,0.5858,80939649.6
2024-04-12,0.5858,0.5924,0.45,0.5027,446034030.9
2024-04-13,0.5027,0.5164,0.3994,0.4449,475184725.6
2024-04-14,0.4448,0.4778,0.4322,0.4673,362259711.3
2024-04-15,0.4673,0.4952,0.4388,0.461,269902887.3
2024-04-16,0.461,0.4781,0.4391,0.4583,171457504.8
2024-04-17,0.4583,0.4651,0.4272,0.444,186425966.0
2024-04-18,0.4441,0.461,0.4343,0.458,132581719.0
2024-04-19,0.458,0.4758,0.4227,0.4682,213036756.4
2024-04-20,0.4681,0.5083,0.4643,0.5072,177539872.5
2024-04-21,0.5073,0.5126,0.4874,0.4993,97169818.8
2024-04-22,0.4994,0.5225,0.4948,0.5167,109611168.0
2024-04-23,0.5167,0.5217,0.497,0.5,114960663.5
2024-04-24,0.4999,0.5109,0.4688,0.4746,160604995.8
2024-04-25,0.4747,0.48,0.4624,0.4705,91924876.1
2024-04-26,0.4705,0.4789,0.4607,0.4631,83089637.1
2024-04-27,0.4631,0.4701,0.444,0.4675,95742384.2
2024-04-28,0.4675,0.4785,0.4583,0.4603,64574729.5
2024-04-29,0.4602,0.4638,0.4463,0.4571,76427014.0
2024-04-30,0.4572,0.4632,0.4254,0.4412,126093063.6
2024-05-01,0.4412,0.4579,0.4184,0.4501,163802414.7
2024-05-02,0.4501,0.4625,0.4386,0.4578,93572218.4
2024-05-03,0.4577,0.4736,0.4462,0.4673,97178116.8
2024-05-04,0.4674,0.4759,0.4623,0.4633,61758692.4
2024-05-05,0.4633,0.4661,0.4521,0.458,65843432.5
2024-05-06,0.4579,0.4757,0.4513,0.4541,100853816.9
2024-05-07,0.454,0.4567,0.4407,0.4414,86403537.3
2024-05-08,0.4413,0.469,0.4363,0.4518,155420658.9
2024-05-09,0.4517,0.4645,0.4469,0.4635,85381130.6
2024-05-10,0.4635,0.4688,0.4431,0.4479,86117375.2
2024-05-11,0.4479,0.4511,0.4379,0.439,44305780.0
2024-05-12,0.4388,0.4436,0.4331,0.4377,33671129.0
2024-05-13,0.4378,0.4532,0.4251,0.4368,108437847.9
2024-05-14,0.4367,0.4386,0.426,0.4285,77134834.9
2024-05-15,0.4285,0.4558,0.4258,0.4524,87948334.1
2024-05-16,0.4525,0.4627,0.4485,0.4597,94019232.9
2024-05-17,0.4598,0.4907,0.455,0.4824,108680341.7
2024-05-18,0.4825,0.486,0.4755,0.482,45922360.7
2024-05-19,0.4819,0.484,0.4645,0.4672,52848896.0
2024-05-20,0.4672,0.5033,0.4605,0.502,152399432.6
2024-05-21,0.5021,0.5106,0.4906,0.4946,140920414.1
2024-05-22,0.4946,0.4954,0.4746,0.4835,100783629.4
2024-05-23,0.4835,0.4885,0.444,0.4656,164392270.6
2024-05-24,0.4655,0.4696,0.4541,0.4601,79004514.8
2024-05-25,0.4601,0.4647,0.4572,0.4623,52870401.3
2024-05-26,0.4623,0.463,0.455,0.4581,47905238.8
2024-05-27,0.4581,0.475,0.4566,0.4683,77194284.1
2024-05-28,0.4683,0.4694,0.452,0.4576,103514209.4
2024-05-29,0.4577,0.4642,0.45,0.4512,86483314.0
2024-05-30,0.451,0.4556,0.4432,0.4465,88752476.4
2024-05-31,0.4465,0.4559,0.4436,0.447,62854052.2
2024-06-01,0.447,0.4533,0.445,0.4499,31130909.6
2024-06-02,0.4499,0.4541,0.4406,0.4465,59363693.5
2024-06-03,0.4465,0.4632,0.4434,0.4573,75171575.4
2024-06-04,0.4574,0.4656,0.4526,0.4615,61587251.6
2024-06-05,0.4615,0.4654,0.457,0.4613,63025277.7
2024-06-06,0.4612,0.4621,0.4505,0.4582,60496507.5
2024-06-07,0.4582,0.49,0.4253,0.4492,239701551.5
2024-06-08,0.4493,0.4493,0.4322,0.4368,89241948.8
2024-06-09,0.4367,0.4462,0.4318,0.4442,42256582.2
2024-06-10,0.4442,0.4513,0.4349,0.4406,86969425.3
2024-06-11,0.4406,0.4419,0.4128,0.422,138567339.0
2024-06-12,0.4219,0.4445,0.4144,0.4378,121613605.3
2024-06-13,0.4377,0.4392,0.4191,0.421,110639835.0
2024-06-14,0.4209,0.4248,0.4,0.412,116922808.4
2024-06-15,0.4121,0.4158,0.4082,0.414,47189963.7
2024-06-16,0.414,0.4193,0.409,0.4168,37640933.2
2024-06-17,0.4167,0.421,0.3901,0.4013,124025287.9
2024-06-18,0.4013,0.4027,0.3575,0.3837,215871708.0
2024-06-19,0.3836,0.3978,0.3801,0.3844,84821749.0
2024-06-20,0.3845,0.3974,0.3772,0.3844,81788373.7
2024-06-21,0.3844,0.3909,0.3736,0.376,77104500.3
2024-06-22,0.376,0.3912,0.3714,0.3846,76900986.8
2024-06-23,0.3847,0.3934,0.3785,0.38,56593832.5
2024-06-24,0.3801,0.3817,0.361,0.3777,119340661.4
2024-06-25,0.3777,0.3974,0.3769,0.3918,70104337.4
2024-06-26,0.3918,0.3965,0.3824,0.385,80311716.8
2024-06-27,0.385,0.3941,0.3777,0.3913,83592286.9
2024-06-28,0.3913,0.397,0.3851,0.3858,92147447.1
2024-06-29,0.3858,0.4039,0.3832,0.3841,70624426.8
2024-06-30,0.384,0.3944,0.3785,0.3924,52136153.2
2024-07-01,0.3925,0.4086,0.3915,0.4032,70915901.7
2024-07-02,0.4033,0.4198,0.4027,0.4184,67487705.8
2024-07-03,0.4184,0.4235,0.4001,0.4069,98718851.9
2024-07-04,0.407,0.4139,0.3614,0.3623,149416521.3
2024-07-05,0.3622,0.3623,0.3165,0.3501,323282253.6
2024-07-06,0.3501,0.3733,0.3464,0.3707,90921251.5
2024-07-07,0.3707,0.3716,0.3444,0.3466,74443934.6
2024-07-08,0.3467,0.3802,0.3301,0.3691,178789658.0
2024-07-09,0.3691,0.3809,0.3626,0.3754,71495085.0
2024-07-10,0.3755,0.39,0.3717,0.3885,63358979.6
2024-07-11,0.3885,0.405,0.3844,0.3959,87567536.7
2024-07-12,0.396,0.4181,0.3932,0.4165,100898164.4
2024-07-13,0.4166,0.4464,0.4115,0.4416,98135951.1
2024-07-14,0.4416,0.445,0.4248,0.4317,101540405.4
2024-07-15,0.4317,0.4458,0.431,0.4449,125566239.6
2024-07-16,0.4449,0.4526,0.4264,0.4381,126834589.9
2024-07-17,0.4381,0.457,0.4353,0.4359,105320100.0
2024-07-18,0.4359,0.4498,0.4199,0.4234,80622639.4
2024-07-19,0.4235,0.4429,0.4145,0.439,80349138.6
2024-07-20,0.4389,0.4419,0.4275,0.4373,54136437.1
2024-07-21,0.4373,0.449,0.4166,0.4469,85361994.3
2024-07-22,0.447,0.4504,0.4234,0.4262,79086035.0
2024-07-23,0.4261,0.4296,0.4028,0.41,86052015.5
2024-07-24,0.41,0.4217,0.4038,0.4063,97197388.2
2024-07-25,0.4062,0.4085,0.3816,0.3948,96406178.5
2024-07-26,0.3948,0.4199,0.3944,0.4172,59178553.1
2024-07-27,0.4172,0.4292,0.4126,0.4176,171402225.1
2024-07-28,0.4176,0.4207,0.4043,0.4073,80650723.3
2024-07-29,0.4072,0.4272,0.403,0.4031,83989483.1
2024-07-30,0.4031,0.4077,0.394,0.4015,66547192.1
2024-07-31,0.4015,0.4078,0.3871,0.3882,64025495.7
2024-08-01,0.3881,0.3958,0.3681,0.3925,93185663.4
2024-08-02,0.3925,0.3952,0.3578,0.3636,122506209.6
2024-08-03,0.3637,0.373,0.3489,0.3646,87498771.3
2024-08-04,0.3646,0.3677,0.3335,0.3442,97503415.0
2024-08-05,0.3442,0.346,0.2756,0.3119,592112788.2
2024-08-06,0.3118,0.3369,0.3114,0.331,125385161.0
2024-08-07,0.331,0.341,0.3161,0.3241,108079429.6
2024-08-08,0.3241,0.3535,0.3187,0.3516,108236428.8
2024-08-09,0.3515,0.3545,0.3365,0.3483,75715466.2
2024-08-10,0.3484,0.3524,0.3442,0.3457,32923978.4
2024-08-11,0.3456,0.3566,0.3269,0.3276,58078474.9
2024-08-12,0.3276,0.3447,0.3263,0.339,75901662.9
2024-08-13,0.3389,0.3451,0.3306,0.34,46778962.1
2024-08-14,0.34,0.3457,0.3308,0.3352,52329030.8
2024-08-15,0.3353,0.3419,0.3204,0.3248,73704919.9
2024-08-16,0.3249,0.3455,0.3202,0.3301,89181725.2
2024-08-17,0.3301,0.3388,0.3274,0.3373,37562981.3
2024-08-18,0.3374,0.34,0.3327,0.3342,31399291.8
2024-08-19,0.3342,0.3378,0.3276,0.3367,59429594.3
2024-08-20,0.3367,0.3483,0.3352,0.3434,67569520.8
2024-08-21,0.3434,0.3775,0.3423,0.3689,120694348.6
2024-08-22,0.3689,0.3775,0.3642,0.3763,74918204.0
2024-08-23,0.3763,0.3926,0.3736,0.3912,103804942.5
2024-08-24,0.3912,0.4014,0.3877,0.3935,68874709.6
2024-08-25,0.3935,0.3944,0.3775,0.3849,64228390.3
2024-08-26,0.3849,0.388,0.3659,0.3661,85653817.5
2024-08-27,0.3661,0.3729,0.3419,0.3503,95443201.9
2024-08-28,0.3503,0.3606,0.3406,0.3502,90938224.2
2024-08-29,0.3502,0.3676,0.3491,0.3578,80645542.3
2024-08-30,0.3577,0.3621,0.3373,0.3469,103161060.8
2024-08-31,0.3469,0.3504,0.3444,0.345,27057484.0
2024-09-01,0.3451,0.3458,0.3267,0.3311,63866107.4
2024-09-02,0.331,0.3374,0.325,0.3362,70472662.0
2024-09-03,0.3362,0.3398,0.3172,0.3185,75474745.4
2024-09-04,0.3184,0.3293,0.305,0.3231,120424863.1
2024-09-05,0.3231,0.3401,0.3195,0.3251,116970963.2
2024-09-06,0.3251,0.3319,0.3034,0.3148,132485885.1
2024-09-07,0.3148,0.3278,0.3145,0.3253,44625799.5
2024-09-08,0.3253,0.3409,0.3237,0.339,71465766.9
2024-09-09,0.339,0.3489,0.3376,0.3435,80797659.4
2024-09-10,0.3434,0.3457,0.3374,0.3431,51064979.8
2024-09-11,0.3431,0.3573,0.33,0.3532,76745712.0
2024-09-12,0.3532,0.3617,0.352,0.3564,83045574.5
2024-09-13,0.3563,0.365,0.3503,0.3606,61642001.2
2024-09-14,0.3606,0.3617,0.351,0.3539,40948020.2
2024-09-15,0.354,0.3563,0.3341,0.3385,67858002.3
2024-09-16,0.3386,0.3386,0.3264,0.3303,66210102.2
2024-09-17,0.3302,0.3431,0.3284,0.3338,58973434.3
2024-09-18,0.3337,0.3443,0.3272,0.3441,70247471.4
2024-09-19,0.3442,0.3564,0.3442,0.351,88788525.3
2024-09-20,0.351,0.3613,0.3488,0.3522,63999487.4
2024-09-21,0.3522,0.36,0.3505,0.3584,40999174.4
2024-09-22,0.3584,0.3594,0.3427,0.3517,53113544.0
2024-09-23,0.3516,0.3658,0.3453,0.3637,80568015.7
2024-09-24,0.3636,0.3916,0.3584,0.3878,111968849.8
2024-09-25,0.3878,0.394,0.3788,0.3809,80684494.9
2024-09-26,0.3809,0.404,0.3779,0.4014,95788917.1
2024-09-27,0.4015,0.4158,0.3993,0.4017,86996776.4
2024-09-28,0.4017,0.4059,0.3922,0.4006,55901976.6
2024-09-29,0.4006,0.4042,0.3926,0.3975,42444987.1
2024-09-30,0.3976,0.3977,0.3707,0.3733,80942545.4
2024-10-01,0.3733,0.386,0.3424,0.352,137861330.3
2024-10-02,0.352,0.363,0.3355,0.3432,107703672.0
2024-10-03,0.3432,0.3496,0.3318,0.3453,79813638.7
2024-10-04,0.3452,0.3561,0.3429,0.3517,61770930.4
2024-10-05,0.3517,0.3558,0.3454,0.351,39356208.5
2024-10-06,0.351,0.3585,0.3479,0.3575,37440683.0
2024-10-07,0.3574,0.3685,0.3502,0.3512,75937962.2
2024-10-08,0.3512,0.357,0.3408,0.3448,54948911.4
2024-10-09,0.3447,0.348,0.3338,0.3396,69541560.1
2024-10-10,0.3395,0.3418,0.3315,0.3396,51099496.5
2024-10-11,0.3396,0.355,0.3382,0.3517,49113139.9
2024-10-12,0.3517,0.3568,0.3509,0.3532,33454950.9
2024-10-13,0.3532,0.3596,0.3443,0.3486,50520578.7
2024-10-14,0.3485,0.3656,0.3422,0.3643,90929339.3
2024-10-15,0.3644,0.3711,0.3475,0.3591,133653350.7
2024-10-16,0.3592,0.3611,0.3509,0.3521,72607298.7
2024-10-17,0.3522,0.3551,0.3393,0.3432,110730558.5
2024-10-18,0.3432,0.353,0.3426,0.3507,56351424.9
2024-10-19,0.3507,0.357,0.3492,0.3513,41140586.4
2024-10-20,0.3513,0.3658,0.3482,0.3649,58891202.7
2024-10-21,0.3649,0.3729,0.3531,0.3609,97553069.7
2024-10-22,0.3609,0.3681,0.355,0.3645,91803259.8
2024-10-23,0.3645,0.3692,0.3423,0.3497,96931163.7
2024-10-24,0.3497,0.3551,0.3396,0.3465,94252442.0
2024-10-25,0.3465,0.3472,0.3141,0.3261,158570967.8
2024-10-26,0.326,0.335,0.3206,0.3337,84287990.4
2024-10-27,0.3338,0.3424,0.3309,0.3399,37089150.4
2024-10-28,0.3398,0.348,0.3303,0.3437,89286920.0
2024-10-29,0.3438,0.357,0.3428,0.3561,93763509.9
2024-10-30,0.3562,0.364,0.3507,0.355,94701157.4
2024-10-31,0.3551,0.3613,0.3402,0.3418,91529863.7
2024-11-01,0.3417,0.362,0.3341,0.3575,130382524.7
2024-11-02,0.3575,0.3639,0.3453,0.3482,79245372.9
2024-11-03,0.3482,0.3482,0.3275,0.3341,103816230.4
2024-11-04,0.334,0.3368,0.3201,0.3263,88647140.4
2024-11-05,0.3263,0.3382,0.326,0.3336,80194966.4
2024-11-06,0.3336,0.3659,0.3335,0.363,210331494.8
2024-11-07,0.3631,0.4068,0.3613,0.4065,213370214.5
2024-11-08,0.4066,0.4587,0.4038,0.4447,478265867.0
2024-11-09,0.4447,0.4986,0.4272,0.4967,225441944.3
2024-11-10,0.4968,0.6599,0.488,0.5901,1158588378.1
2024-11-11,0.5903,0.6248,0.5575,0.6132,596396671.8
2024-11-12,0.6131,0.6541,0.555,0.5709,695933476.4
2024-11-13,0.5709,0.6098,0.5192,0.5783,603213656.1
2024-11-14,0.5783,0.6,0.5417,0.5792,351116093.6
2024-11-15,0.579,0.7075,0.5747,0.7071,883876827.2
2024-11-16,0.7071,0.8193,0.7026,0.7416,1131924924.1
2024-11-17,0.7416,0.7798,0.6893,0.7026,474262736.4
2024-11-18,0.7026,0.7839,0.7002,0.7325,442341128.2
2024-11-19,0.7324,0.765,0.72,0.7387,297007303.0
2024-11-20,0.7386,0.8484,0.7384,0.8003,729698432.0
2024-11-21,0.8003,0.8239,0.7655,0.8218,486701467.7
2024-11-22,0.8219,1.044,0.8123,1.0175,1031366149.7
2024-11-23,1.0175,1.1542,1.0157,1.0658,919763706.7
2024-11-24,1.0659,1.0978,0.9364,1.0226,581357178.0
2024-11-25,1.0228,1.0778,0.9294,0.9435,504171181.2
2024-11-26,0.9435,0.9899,0.8743,0.9603,479192975.7
2024-11-27,0.9602,1.0419,0.9312,1.0116,383499059.9
2024-11-28,1.0114,1.0491,0.9693,1.0321,254849669.5
2024-11-29,1.0321,1.0996,1.0274,1.0755,351237724.5
2024-11-30,1.0754,1.1498,1.0498,1.079,369560299.2
2024-12-01,1.079,1.1633,1.0375,1.1496,372853685.8
2024-12-02,1.1497,1.2424,1.0567,1.2022,866951754.4
2024-12-03,1.2022,1.3264,1.1401,1.1914,802151381.2
2024-12-04,1.1915,1.2417,1.1403,1.1871,383350912.1
2024-12-05,1.1871,1.2445,1.1138,1.1597,413686149.8
2024-12-06,1.1599,1.2375,1.1336,1.2278,311787487.7
2024-12-07,1.2278,1.2369,1.1881,1.2103,165417822.9
2024-12-08,1.2103,1.224,1.1723,1.1936,255648168.3
2024-12-09,1.1936,1.1936,0.91,1.0034,618530935.0
2024-12-10,1.0035,1.0378,0.91,1.0215,628873381.3
2024-12-11,1.0215,1.115,0.9718,1.0868,361950376.3
2024-12-12,1.0869,1.1819,1.0728,1.1231,338015830.6
2024-12-13,1.1231,1.1308,1.0774,1.1213,180296167.7
2024-12-14,1.1213,1.1332,1.0431,1.061,138860581.3
2024-12-15,1.0609,1.1123,1.0389,1.0996,139414086.3
2024-12-16,1.0995,1.121,1.0474,1.0775,220525179.7
2024-12-17,1.0775,1.1119,1.0418,1.0522,252529517.4
2024-12-18,1.0523,1.0602,0.958,0.9681,375972520.0
2024-12-19,0.9682,0.989,0.8475,0.8806,447732655.1
2024-12-20,0.8806,0.9596,0.762,0.9501,594787205.1
2024-12-21,0.95,0.9979,0.8867,0.9052,289558064.4
2024-12-22,0.9053,0.9249,0.8589,0.8834,234703947.6
2024-12-23,0.8835,0.9425,0.8619,0.9264,245984682.7
2024-12-24,0.9265,0.9507,0.8918,0.9358,165078579.2
2024-12-25,0.9357,0.9403,0.9,0.9176,95106199.7
2024-12-26,0.9176,0.9281,0.8507,0.8611,131074807.3
2024-12-27,0.8611,0.9147,0.855,0.8771,134800242.8
2024-12-28,0.8771,0.9,0.8662,0.8895,79029125.6
2024-12-29,0.8895,0.9123,0.851,0.859,105900380.7
2024-12-30,0.859,0.9048,0.8296,0.8615,168318692.6
2024-12-31,0.8616,0.8791,0.8397,0.8451,107355712.5
2025-01-01,0.845,0.9355,0.838,0.9222,171861317.3
2025-01-02,0.9222,0.9828,0.9222,0.9612,194982188.5
2025-01-03,0.9612,1.1194,0.9569,1.0894,388427400.9
2025-01-04,1.0894,1.1144,1.0565,1.0707,168969002.6
2025-01-05,1.0707,1.115,1.0521,1.0911,171630835.3
2025-01-06,1.0911,1.1162,1.0575,1.0934,181395918.9
2025-01-07,1.0934,1.1519,0.988,0.9892,365562839.2
2025-01-08,0.9893,1.0242,0.9079,0.9468,369801375.9
2025-01-09,0.9467,0.9604,0.8798,0.9045,239358339.9
2025-01-10,0.9045,0.974,0.904,0.9303,208259628.3
2025-01-11,0.9303,1.0176,0.9134,0.9955,146491610.6
2025-01-12,0.9955,1.0369,0.9613,0.9677,196542136.0
2025-01-13,0.9676,0.9938,0.8758,0.9444,288677979.1
2025-01-14,0.9444,1.0109,0.938,0.9972,187168513.0
2025-01-15,0.9972,1.09,0.9879,1.0755,384217805.3
2025-01-16,1.0755,1.145,1.0273,1.0892,383249639.4
2025-01-17,1.0893,1.1662,1.0854,1.133,276530914.4
2025-01-18,1.1331,1.1466,1.0482,1.1045,256781980.9
2025-01-19,1.1044,1.152,0.9636,0.993,560820593.6
2025-01-20,0.993,1.1014,0.9594,1.0094,464297968.4
2025-01-21,1.0095,1.0288,0.9508,1.0058,303337850.2
2025-01-22,1.0059,1.0199,0.9759,0.9827,147886319.8
2025-01-23,0.9827,1.0118,0.9512,0.9867,192569354.5
2025-01-24,0.9867,1.01,0.9636,0.9712,124426928.3
2025-01-25,0.9712,0.9919,0.9642,0.9766,56721656.8
2025-01-26,0.9766,1.0003,0.9515,0.953,73197919.3
2025-01-27,0.953,0.9587,0.8568,0.9345,257950415.8
2025-01-28,0.9346,0.9684,0.9031,0.9169,124707222.9
2025-01-29,0.9168,0.9603,0.9018,0.9399,135142289.7
2025-01-30,0.9398,0.9886,0.9363,0.9595,86721138.9
2025-01-31,0.9595,0.9837,0.9347,0.9429,113818765.2
2025-02-01,0.9428,0.9576,0.8875,0.8948,88384785.8
2025-02-02,0.8947,0.9113,0.7513,0.8052,340523726.6
2025-02-03,0.8051,0.8245,0.506,0.812,1336951229.5
2025-02-04,0.8121,0.8198,0.715,0.7439,336202720.8
2025-02-05,0.744,0.7764,0.7251,0.7325,174717874.3
2025-02-06,0.7325,0.766,0.6978,0.7052,187578647.3
2025-02-07,0.7052,0.7532,0.6902,0.7072,206190185.9
2025-02-08,0.7072,0.718,0.6815,0.7005,106440011.1
2025-02-09,0.7006,0.716,0.6503,0.6814,145972643.5
2025-02-10,0.6815,0.7245,0.6632,0.7121,168781925.4
2025-02-11,0.7121,0.8213,0.7101,0.7781,364029512.7
2025-02-12,0.7782,0.8079,0.7448,0.7997,271335009.3
2025-02-13,0.7998,0.8309,0.7693,0.8107,148408733.0
2025-02-14,0.8107,0.8293,0.7891,0.7998,144880343.5
2025-02-15,0.7997,0.8141,0.7745,0.7811,72649439.8
2025-02-16,0.7811,0.7893,0.7615,0.7714,62651373.5
2025-02-17,0.7714,0.8291,0.7705,0.8089,193681003.3
2025-02-18,0.8089,0.814,0.7351,0.7541,173068755.8
2025-02-19,0.7542,0.7761,0.7328,0.7738,118560241.8
2025-02-20,0.7737,0.8111,0.7703,0.8036,123013598.3
2025-02-21,0.8036,0.8187,0.7501,0.7621,176129521.6
2025-02-22,0.7622,0.7845,0.7571,0.7734,70048824.6
2025-02-23,0.7733,0.7883,0.7596,0.7697,68066469.6
2025-02-24,0.7698,0.7774,0.67,0.6816,187852768.2
2025-02-25,0.6816,0.695,0.6302,0.6832,314619948.7
2025-02-26,0.6832,0.6954,0.6312,0.6474,188683060.2
2025-02-27,0.6475,0.6798,0.6263,0.6451,119338095.8
2025-02-28,0.6451,0.6466,0.5801,0.6328,258110432.8
2025-03-01,0.6328,0.677,0.6252,0.6593,101845318.3
2025-03-02,0.6593,1.1488,0.645,1.135,1462027409.9
2025-03-03,1.1349,1.1747,0.8228,0.8578,1410346466.6
2025-03-04,0.8577,0.9562,0.7576,0.9409,1103033777.6
2025-03-05,0.9409,1.0278,0.9136,0.9741,684542897.2
2025-03-06,0.9741,0.9886,0.8854,0.9065,426709138.1
2025-03-07,0.9065,0.9206,0.8064,0.8181,789791963.0
2025-03-08,0.818,0.8392,0.7931,0.8052,195763913.6
2025-03-09,0.8052,0.8176,0.709,0.7215,341584369.9
2025-03-10,0.7216,0.7786,0.6582,0.6712,452130529.1
2025-03-11,0.6711,0.7444,0.6471,0.7241,418368477.7
2025-03-12,0.724,0.77,0.7111,0.736,272406998.1
2025-03-13,0.736,0.742,0.6909,0.703,264883435.2
2025-03-14,0.703,0.7514,0.6963,0.7373,200723012.3
2025-03-15,0.7372,0.7594,0.7309,0.7468,134638523.2
2025-03-16,0.7468,0.7473,0.6936,0.7049,166304049.4
2025-03-17,0.7049,0.732,0.7024,0.7175,124793194.3
2025-03-18,0.7175,0.7184,0.6816,0.7017,124187049.1
2025-03-19,0.7017,0.747,0.7003,0.7436,203333627.3
2025-03-20,0.7436,0.7554,0.712,0.718,163787969.9
2025-03-21,0.7179,0.7277,0.7006,0.705,99337577.7
2025-03-22,0.705,0.7161,0.6971,0.7014,58014666.0
2025-03-23,0.7015,0.716,0.6917,0.7107,83791747.2
2025-03-24,0.7106,0.7452,0.7055,0.732,164891536.5
2025-03-25,0.732,0.7666,0.7209,0.7448,191707229.1
2025-03-26,0.7447,0.7744,0.7197,0.7287,166873889.6
2025-03-27,0.7288,0.7444,0.7209,0.7381,78374162.9
2025-03-28,0.7381,0.7465,0.6895,0.7062,140942745.6
2025-03-29,0.7062,0.7122,0.6588,0.6732,104353465.2
2025-03-30,0.6733,0.6877,0.6512,0.6612,73774230.6
2025-03-31,0.6613,0.6655,0.6296,0.6618,126559978.9
2025-04-01,0.6618,0.6949,0.6577,0.677,106364321.5
2025-04-02,0.6771,0.7098,0.6348,0.64,168146368.6
2025-04-03,0.64,0.6576,0.613,0.6508,114219073.8
2025-04-04,0.6509,0.6717,0.6275,0.6603,126446033.5
2025-04-05,0.6603,0.6675,0.6448,0.6547,43762918.6
2025-04-06,0.6547,0.6553,0.5597,0.5737,166216469.9
2025-04-07,0.5737,0.6055,0.511,0.5864,419069987.9
2025-04-08,0.5863,0.6201,0.5528,0.5583,238977888.4
2025-04-09,0.5583,0.6464,0.5366,0.6315,327515064.6
2025-04-10,0.6315,0.6338,0.5857,0.6094,159599767.0
2025-04-11,0.6094,0.645,0.6059,0.6239,152727364.8
2025-04-12,0.6239,0.6675,0.617,0.6595,115874420.3
2025-04-13,0.6596,0.6687,0.6301,0.6383,104410716.6
2025-04-14,0.6383,0.6575,0.6277,0.6353,117699773.5
2025-04-15,0.6353,0.6486,0.607,0.6091,143898856.8
2025-04-16,0.609,0.6245,0.5946,0.6105,126774167.2
2025-04-17,0.6106,0.6299,0.6088,0.6167,70142773.4
2025-04-18,0.6169,0.632,0.6104,0.6275,55674804.9
2025-04-19,0.6276,0.6349,0.6191,0.6282,42619558.8
2025-04-20,0.6282,0.6348,0.6095,0.6202,50246835.4
2025-04-21,0.6203,0.6507,0.6159,0.6242,113722683.3
2025-04-22,0.6241,0.685,0.6153,0.6794,143341355.5
2025-04-23,0.6794,0.7183,0.6774,0.6977,159614226.0
2025-04-24,0.6978,0.746,0.6701,0.7219,171690319.8
2025-04-25,0.722,0.7331,0.7019,0.7135,150864406.0
2025-04-26,0.7135,0.7344,0.6996,0.707,98567156.4
2025-04-27,0.707,0.7185,0.6907,0.7032,82135355.9
2025-04-28,0.7033,0.729,0.6821,0.7056,148303185.8
2025-04-29,0.7057,0.7181,0.6888,0.6958,144681664.2
2025-04-30,0.6957,0.7037,0.6647,0.6816,97477142.0
2025-05-01,0.6816,0.7146,0.6814,0.705,85930672.3
2025-05-02,0.705,0.7255,0.6888,0.6981,99617178.4
2025-05-03,0.6982,0.7297,0.6917,0.6995,125664048.1
2025-05-04,0.6995,0.7147,0.6718,0.6762,113830422.1
2025-05-05,0.6762,0.692,0.6541,0.6622,115627149.0
2025-05-06,0.6621,0.6807,0.6426,0.6789,81419623.3
2025-05-07,0.6789,0.6892,0.655,0.6715,89497926.6
2025-05-08,0.6716,0.771,0.67,0.7693,238990032.9
2025-05-09,0.7694,0.818,0.7532,0.7774,223733227.0
2025-05-10,0.7773,0.8435,0.7704,0.8406,177651038.9
2025-05-11,0.8406,0.8466,0.7813,0.8053,131407953.5
2025-05-12,0.8054,0.8643,0.7802,0.817,250186987.8
2025-05-13,0.8169,0.8419,0.7716,0.8299,170776720.3
2025-05-14,0.83,0.8337,0.7887,0.7986,137228841.5
2025-05-15,0.7987,0.8102,0.7445,0.7624,181474078.9
2025-05-16,0.7624,0.7859,0.7505,0.7588,89428901.1
2025-05-17,0.7588,0.7814,0.7267,0.7427,127369154.9
2025-05-18,0.7428,0.7767,0.7171,0.7596,137043357.8
2025-05-19,0.7597,0.765,0.71,0.7425,121736745.6
2025-05-20,0.7426,0.7538,0.7224,0.746,94460431.4
2025-05-21,0.7461,0.7839,0.7366,0.7693,152161906.6
2025-05-22,0.7693,0.8108,0.7688,0.8093,136071438.9
2025-05-23,0.8093,0.8414,0.743,0.7471,228323410.0
2025-05-24,0.7472,0.7668,0.7409,0.7467,73357703.7
2025-05-25,0.7467,0.7604,0.7277,0.7598,80670789.5
2025-05-26,0.7598,0.7771,0.751,0.7604,79623463.0
2025-05-27,0.7604,0.7756,0.7434,0.7583,91137197.1
2025-05-28,0.7584,0.7614,0.7324,0.7476,75356290.5
2025-05-29,0.7476,0.7652,0.7194,0.7221,104471174.0
2025-05-30,0.7221,0.7281,0.6821,0.6889,174517183.6
2025-05-31,0.689,0.6952,0.6561,0.6858,111278610.9
2025-06-01,0.6858,0.688,0.6541,0.6855,92156943.0
2025-06-02,0.6854,0.6921,0.6636,0.6896,72942407.9
2025-06-03,0.6897,0.7072,0.6738,0.6837,75512318.6
2025-06-04,0.6837,0.7027,0.662,0.6654,71491826.6
2025-06-05,0.6654,0.6899,0.6186,0.6256,145639972.6
2025-06-06,0.6256,0.6723,0.621,0.6554,99504658.4
2025-06-07,0.6554,0.6708,0.6494,0.6645,52653743.0
2025-06-08,0.6645,0.6796,0.6517,0.6703,73152581.7
2025-06-09,0.6703,0.708,0.6565,0.7049,99192245.2
2025-06-10,0.705,0.7206,0.6859,0.7167,146832550.3
2025-06-11,0.7167,0.7315,0.6909,0.698,113621215.0
2025-06-12,0.6979,0.7003,0.6569,0.6613,99094622.1
2025-06-13,0.6613,0.6614,0.6174,0.642,180308681.7
2025-06-14,0.6421,0.6428,0.6131,0.6247,57750191.8
2025-06-15,0.6247,0.6359,0.6208,0.6334,44666279.5
2025-06-16,0.6333,0.6575,0.6247,0.6303,99602152.2
2025-06-17,0.6302,0.6426,0.5998,0.609,110370304.8
2025-06-18,0.609,0.6217,0.588,0.6039,120946782.8
2025-06-19,0.604,0.6117,0.5898,0.602,69309415.7
2025-06-20,0.6021,0.6071,0.5613,0.5774,140958123.2
2025-06-21,0.5775,0.5882,0.5443,0.5561,140946671.2
2025-06-22,0.5562,0.5642,0.51,0.5419,254432354.9
2025-06-23,0.5419,0.5862,0.5289,0.5823,214940626.1
2025-06-24,0.5823,0.5936,0.5762,0.5875,148093981.2
2025-06-25,0.5875,0.5907,0.5631,0.5671,106514611.1
2025-06-26,0.5671,0.5819,0.5498,0.5543,101834511.0
2025-06-27,0.5544,0.5633,0.545,0.5587,80562142.4
2025-06-28,0.5586,0.5688,0.5554,0.5654,60272689.6
2025-06-29,0.5654,0.5857,0.555,0.5773,103251178.3
2025-06-30,0.5773,0.5905,0.5561,0.5722,113245597.3
2025-07-01,0.5722,0.5765,0.5366,0.542,122582583.1
2025-07-02,0.542,0.5998,0.5387,0.584,185381208.3
2025-07-03,0.584,0.6119,0.5827,0.5992,113126506.8
2025-07-04,0.5992,0.6034,0.5629,0.5724,84798877.1
2025-07-05,0.5725,0.5835,0.5687,0.5755,35696806.4
2025-07-06,0.5756,0.5931,0.5707,0.5858,54435116.4
2025-07-07,0.5858,0.5947,0.5734,0.5805,79484536.9
2025-07-08,0.5806,0.5921,0.5722,0.5884,72621236.5
2025-07-09,0.5883,0.6281,0.584,0.6227,148070206.3
2025-07-10,0.6227,0.6803,0.6173,0.6775,157102169.2
2025-07-11,0.6776,0.7774,0.6681,0.7094,422407397.0
2025-07-12,0.7094,0.7371,0.6884,0.7089,168298372.1
2025-07-13,0.7089,0.7562,0.7052,0.7367,215053184.2
2025-07-14,0.7368,0.7683,0.7212,0.7352,236796029.0
2025-07-15,0.7352,0.7495,0.7105,0.7466,193798144.0
2025-07-16,0.7467,0.7849,0.7327,0.7644,193963182.7
2025-07-17,0.7645,0.8386,0.7401,0.8216,358854772.5
2025-07-18,0.8216,0.8955,0.7959,0.8158,392945944.3
2025-07-19,0.8159,0.8372,0.8017,0.8298,111106231.9
2025-07-20,0.8298,0.8786,0.823,0.858,225868721.3
2025-07-21,0.858,0.9373,0.8415,0.8891,339104770.6
2025-07-22,0.889,0.9096,0.8526,0.9034,280731632.2
2025-07-23,0.9035,0.9037,0.7857,0.816,280523266.3
2025-07-24,0.816,0.8381,0.7613,0.806,300916507.2
2025-07-25,0.8059,0.8187,0.7747,0.8158,184839066.1
2025-07-26,0.8158,0.8387,0.8119,0.8198,104439376.7
2025-07-27,0.8198,0.8394,0.8141,0.832,115390984.0
2025-07-28,0.832,0.8559,0.786,0.7932,176220336.4
2025-07-29,0.7932,0.8099,0.7694,0.7828,126191748.8
2025-07-30,0.7829,0.7898,0.7301,0.7634,180444777.0
2025-07-31,0.7633,0.7893,0.7356,0.7392,135816550.6
2025-08-01,0.7392,0.7413,0.6962,0.7141,208847677.1
2025-08-02,0.7141,0.7278,0.6842,0.6975,128892289.5
2025-08-03,0.6975,0.731,0.6869,0.727,100572763.3
2025-08-04,0.7271,0.7591,0.7251,0.7549,109468445.8
2025-08-05,0.755,0.7601,0.7134,0.7258,116108835.0
2025-08-06,0.7258,0.748,0.7107,0.7413,80620550.6
2025-08-07,0.7413,0.7884,0.734,0.7874,145327737.2
2025-08-08,0.7874,0.8069,0.7759,0.7911,159518548.4
2025-08-09,0.7912,0.8212,0.7898,0.8029,126981193.8
2025-08-10,0.8029,0.8344,0.7844,0.8014,135582385.7
2025-08-11,0.8015,0.8338,0.7662,0.7728,197965368.1
2025-08-12,0.7727,0.8579,0.7658,0.8411,268542746.8
2025-08-13,0.8411,0.922,0.8334,0.9042,291140557.0
2025-08-14,0.9042,1.0193,0.8781,0.9258,901874210.3
2025-08-15,0.9257,0.9643,0.9107,0.9453,417689026.4
2025-08-16,0.9452,0.9777,0.9011,0.9211,283543709.0
2025-08-17,0.9211,0.9878,0.9045,0.9609,235922207.4
2025-08-18,0.961,0.9683,0.8877,0.9236,274717771.5
2025-08-19,0.9235,0.9597,0.8437,0.8464,361169288.2
2025-08-20,0.8464,0.8925,0.8371,0.8808,272793278.7
2025-08-21,0.8809,0.8926,0.8466,0.8519,147306956.5
2025-08-22,0.8519,0.9426,0.8218,0.9314,373507351.1
2025-08-23,0.9315,0.939,0.8912,0.9143,163214429.0
2025-08-24,0.9142,0.9643,0.8881,0.909,255530384.5
2025-08-25,0.909,0.9284,0.8297,0.8371,297471294.0
2025-08-26,0.8372,0.8748,0.8267,0.8663,160655800.8
2025-08-27,0.8663,0.8784,0.8469,0.8509,157523208.3
2025-08-28,0.8509,0.8799,0.8417,0.8576,132011383.5
2025-08-29,0.8576,0.8664,0.81,0.8266,201342974.0
2025-08-30,0.8266,0.8444,0.8054,0.8224,81522223.5
2025-08-31,0.8225,0.838,0.8094,0.8113,70084168.9
2025-09-01,0.8112,0.8452,0.7818,0.8014,201302131.6
2025-09-02,0.8015,0.8356,0.798,0.8349,141486947.7
2025-09-03,0.8348,0.8437,0.826,0.8366,85339868.5
2025-09-04,0.8367,0.8418,0.8026,0.8093,85090122.5
2025-09-05,0.8093,0.85,0.8046,0.8307,129834408.2
2025-09-06,0.8306,0.836,0.8143,0.8184,46572139.5
2025-09-07,0.8185,0.8418,0.818,0.8351,64778457.0
2025-09-08,0.8351,0.8692,0.83,0.8651,133401128.5
2025-09-09,0.8651,0.8947,0.8525,0.8652,187181932.9
2025-09-10,0.8653,0.8967,0.8596,0.8854,108953413.3
2025-09-11,0.8854,0.8981,0.8658,0.8939,118050138.7
2025-09-12,0.894,0.9181,0.8825,0.9169,146458617.0
2025-09-13,0.917,0.954,0.9143,0.9294,207628746.0
2025-09-14,0.9294,0.9313,0.8792,0.8879,106703822.7
2025-09-15,0.8878,0.9025,0.8524,0.8632,155293426.6
2025-09-16,0.8631,0.8841,0.853,0.8803,92067486.3
2025-09-17,0.8803,0.9197,0.8608,0.9138,154733412.9
2025-09-18,0.9138,0.9386,0.8996,0.9244,163637205.2
2025-09-19,0.9244,0.9378,0.8855,0.8904,130832798.9
2025-09-20,0.8904,0.9065,0.8871,0.8931,52678149.5
2025-09-21,0.8931,0.9026,0.875,0.884,64617792.0
2025-09-22,0.8841,0.8877,0.7873,0.8256,262158405.5
2025-09-23,0.8257,0.8295,0.803,0.806,93154647.2
2025-09-24,0.806,0.8304,0.7901,0.8127,95855704.9
2025-09-25,0.8128,0.8144,0.7542,0.7637,212139193.9
2025-09-26,0.7637,0.7964,0.7576,0.7919,102424850.1
2025-09-27,0.7918,0.7941,0.7766,0.7809,38304292.5
2025-09-28,0.781,0.8119,0.7645,0.8086,60982333.7
2025-09-29,0.8086,0.8161,0.788,0.8061,84007858.7
2025-09-30,0.806,0.8132,0.7781,0.8072,88758520.5
2025-10-01,0.8073,0.8512,0.7968,0.8508,132642239.2
2025-10-02,0.8508,0.8778,0.8361,0.8706,134137531.5
2025-10-03,0.8706,0.8924,0.8482,0.8655,133631604.9
2025-10-04,0.8655,0.8688,0.8331,0.8395,71672443.0
2025-10-05,0.8395,0.8826,0.8269,0.8371,149427053.9
2025-10-06,0.8372,0.881,0.8317,0.8715,171579610.4
2025-10-07,0.8716,0.878,0.817,0.8198,170785500.2
2025-10-08,0.8199,0.8515,0.8079,0.8387,109616497.8
2025-10-09,0.8387,0.8396,0.7939,0.8152,125624051.5
2025-10-10,0.8152,0.8242,0.2737,0.6353,787201148.9
2025-10-11,0.6353,0.6832,0.6092,0.6316,419734212.7
2025-10-12,0.6316,0.7095,0.6176,0.7,210806749.0
2025-10-13,0.7001,0.736,0.6917,0.7284,243460738.8
2025-10-14,0.7284,0.7334,0.6619,0.6989,291031627.6
2025-10-15,0.6988,0.716,0.6575,0.6684,160075781.5
2025-10-16,0.6685,0.6847,0.6332,0.6453,200052556.0
2025-10-17,0.6452,0.656,0.5923,0.6245,268779633.7
2025-10-18,0.6246,0.6409,0.623,0.6343,59384501.9
2025-10-19,0.6342,0.6652,0.6225,0.6528,109620437.0
2025-10-20,0.6527,0.676,0.6391,0.6625,144735122.7
2025-10-21,0.6626,0.6855,0.6369,0.6428,154145939.3
2025-10-22,0.6428,0.6468,0.6061,0.6238,155613632.5
2025-10-23,0.6238,0.654,0.6227,0.6428,93548863.2
2025-10-24,0.6429,0.6643,0.6387,0.656,99367742.5
2025-10-25,0.6559,0.6595,0.648,0.6542,40616598.0
2025-10-26,0.6542,0.6884,0.6466,0.6812,92318117.5
2025-10-27,0.6812,0.6938,0.6634,0.667,95122618.6
2025-10-28,0.6669,0.6755,0.6359,0.6459,116651079.9
2025-10-29,0.6459,0.6604,0.6252,0.6401,139267473.1
2025-10-30,0.6401,0.6486,0.5864,0.6016,164661705.0
2025-10-31,0.6016,0.62,0.5978,0.6091,99474430.0
2025-11-01,0.6091,0.6178,0.6033,0.6128,44683725.3
2025-11-02,0.6129,0.6189,0.5922,0.6106,53815345.4
2025-11-03,0.6105,0.6122,0.5259,0.5528,237564733.8
2025-11-04,0.5529,0.5633,0.4898,0.5208,336980946.9
2025-11-05,0.5208,0.5503,0.4947,0.5453,165359661.8
2025-11-06,0.5453,0.5456,0.5168,0.5318,121971447.1
2025-11-07,0.5319,0.5863,0.5196,0.5763,194941325.4
2025-11-08,0.5763,0.5932,0.5539,0.5688,99118952.0
2025-11-09,0.5688,0.5844,0.5478,0.579,91372351.7
2025-11-10,0.5789,0.6031,0.5737,0.5928,102827832.8
2025-11-11,0.5929,0.6069,0.5535,0.5564,115705244.7
2025-11-12,0.5565,0.5809,0.5394,0.5458,99390469.3
2025-11-13,0.5457,0.5716,0.5144,0.5298,149664298.1
2025-11-14,0.5298,0.5336,0.4901,0.4984,190803666.2
2025-11-15,0.4984,0.5154,0.4979,0.5036,109102128.6
2025-11-16,0.5035,0.5093,0.4735,0.4845,174030140.6
2025-11-17,0.4845,0.4997,0.4576,0.4663,224051283.6
2025-11-18,0.4664,0.4823,0.4562,0.4752,195617142.5
2025-11-19,0.4752,0.4775,0.4381,0.464,189011037.1
2025-11-20,0.464,0.4722,0.4288,0.4324,181640032.0
2025-11-21,0.4323,0.4397,0.3876,0.4091,451803309.8
2025-11-22,0.4091,0.4132,0.3907,0.4046,98873706.6
2025-11-23,0.4045,0.4185,0.4016,0.4085,112961442.4
2025-11-24,0.4085,0.4342,0.402,0.4276,156866959.4
2025-11-25,0.4276,0.4291,0.4046,0.4218,116535814.5
2025-11-26,0.4219,0.4373,0.4104,0.4356,94689425.9
2025-11-27,0.4357,0.439,0.4265,0.4331,69670175.5
2025-11-28,0.433,0.4371,0.4148,0.4199,102762431.4
2025-11-29,0.42,0.422,0.4114,0.4147,51363457.3
2025-11-30,0.4147,0.4274,0.4135,0.4143,62005649.0
2025-12-01,0.4142,0.4158,0.3707,0.3856,209371176.8
2025-12-02,0.3856,0.439,0.3848,0.4335,160318643.2
2025-12-03,0.4335,0.4541,0.4265,0.4499,130407203.4
2025-12-04,0.45,0.4558,0.4346,0.4394,103549487.3
2025-12-05,0.4394,0.4429,0.4091,0.4157,97619818.2
2025-12-06,0.4156,0.4213,0.4099,0.4138,47479004.2
2025-12-07,0.4138,0.435,0.4057,0.4173,104457360.3
2025-12-08,0.4174,0.4414,0.4144,0.4328,105431201.3
2025-12-09,0.4328,0.4842,0.4239,0.4697,256310735.2
2025-12-10,0.4697,0.4761,0.4522,0.4536,188573523.4
2025-12-11,0.4536,0.455,0.4093,0.4255,255024361.1
2025-12-12,0.4255,0.4293,0.4035,0.4091,145597966.3
2025-12-13,0.409,0.4157,0.4061,0.4105,43464503.1
2025-12-14,0.4106,0.4116,0.3915,0.3963,93578123.8
2025-12-15,0.3963,0.4077,0.3773,0.3882,116687959.6
2025-12-16,0.3882,0.3916,0.3775,0.3859,94171731.2
2025-12-17,0.3859,0.4001,0.3639,0.3673,134900622.2
2025-12-18,0.3673,0.3688,0.3628,0.3646,12292413.1
